{
    "type": "transport",
    "name": "my_airplane_1",
    "S_w": 77.11905419734049,
    "AR_w": 11,
    "taper_w": 0.2000003701313396,
    "sweep_w": 0.37400098346451216,
    "dihedral_w": 0.0715584993317675,
    "xr_w": 10.60000000000028,
    "zr_w": -1.2600000000000062,
    "tcr_w": 0.15999961295400913,
    "tct_w": 0.08,
    "Cht": 1.01,
    "Lc_h": 4.7,
    "AR_h": 4.87,
    "taper_h": 0.41,
    "sweep_h": 0.49375364538919586,
    "dihedral_h": 0.08307767239493008,
    "zr_h": 0.75,
    "tcr_h": 0.1,
    "tct_h": 0.1,
    "eta_h": 1.0,
    "Cvt": 0.069,
    "Lb_v": 0.51,
    "AR_v": 1.38,
    "taper_v": 0.44,
    "sweep_v": 0.7424630637983878,
    "zr_v": 1.6,
    "tcr_v": 0.1,
    "tct_v": 0.1,
    "L_f": 30.85,
    "D_f": 3.9,
    "x_n": 9.415824577411541,
    "y_n": 3.90846581153708,
    "z_n": -2.35,
    "L_n": 2.8,
    "D_n": 1.85,
    "n_engines": 2,
    "n_engines_under_wing": 2,
    "engine": {
        "model": "Howe turbofan",
        "BPR": 12.5,
        "Cbase": 0.00019444444444444443,
        "kT": 0.25
    },
    "x_nlg": 3.544807253039804,
    "x_mlg": 14.999944983633963,
    "y_mlg": 2.7,
    "z_lg": -3.5,
    "x_tailstrike": 23.71,
    "z_tailstrike": -0.92,
    "c_tank_c_w": 0.47100137497628325,
    "x_tank_c_w": 0.15,
    "b_tank_b_w_start": 0.0,
    "b_tank_b_w_end": 0.95,
    "clmax_w": 1.8,
    "k_korn": 0.91,
    "flap_type": "double slotted",
    "c_flap_c_wing": 0.3,
    "b_flap_b_wing": 0.5500118862210435,
    "slat_type": null,
    "c_slat_c_wing": 0.0,
    "b_slat_b_wing": 0.0,
    "c_ail_c_wing": 0.2,
    "b_ail_b_wing": 0.3,
    "h_ground": 10.668000000000001,
    "k_exc_drag": 0.03,
    "winglet": false,
    "altitude_takeoff": 0.0,
    "distance_takeoff": 1800.0,
    "altitude_landing": 0.0,
    "distance_landing": 1800.0,
    "altitude_cruise": 10668.0,
    "Mach_cruise": 0.8,
    "range_cruise": 4074400.0,
    "loiter_time": 2700,
    "altitude_altcruise": 4572,
    "Mach_altcruise": 0.5,
    "range_altcruise": 370400.0,
    "W_payload": 98100.0,
    "xcg_payload": 13.34,
    "W_crew": 3570.84,
    "xcg_crew": 3.5,
    "block_range": 740800.0,
    "block_time": 8399.999999999998,
    "n_captains": 1,
    "n_copilots": 1,
    "rho_fuel": 804,
    "MLW_frac": 0.85,
    "deltaISA_takeoff": 15.0,
    "deltaISA_landing": 0.0,
    "b_w": 29.125754860101832,
    "cr_w": 4.412991799466018,
    "xt_w": 17.19813739338467,
    "yt_w": 14.562877430050916,
    "zt_w": -0.2161199660202049,
    "ct_w": 0.8825999932797699,
    "xm_w": 13.165942884968441,
    "ym_w": 5.6633424705234265,
    "zm_w": -0.8540465640142049,
    "cm_w": 3.0400613501370497,
    "S_h": 16.572392497726362,
    "b_h": 8.983738167596348,
    "xr_h": 26.519892572226052,
    "cr_h": 2.616610065270464,
    "xt_h": 29.323453688019057,
    "yt_h": 4.491869083798174,
    "zt_h": 1.1240349416029558,
    "ct_h": 1.07281012676089,
    "xm_h": 27.72615291046323,
    "ym_h": 1.9326718043765194,
    "zm_h": 0.910932291658955,
    "cm_h": 1.9523746307344299,
    "S_v": 10.43375439140489,
    "b_v": 3.7945462258534612,
    "xr_v": 26.310058624035296,
    "cr_v": 3.818987747437059,
    "xt_v": 30.32665446501879,
    "zt_v": 5.394546225853461,
    "ct_v": 1.6803546088723058,
    "xm_v": 28.058021628907742,
    "zm_v": 3.251330301991784,
    "cm_v": 2.8882862889875827,
    "Swet_f": 316.2029931907581,
    "AR_eff": 11,
    "Mf_engine_start": 0.99,
    "Mf_taxi": 0.99,
    "Mf_takeoff": 0.995,
    "Mf_climb": 0.98,
    "Mf_cruise": 0.9733432899176585,
    "Mf_loiter": 0.9832651068577306,
    "Mf_descent": 0.99,
    "Mf_altcruise": 0.987042736609478,
    "Mf_landing": 0.992,
    "Mf_total": 0.8866230879289381,
    "Mf_trapped": 0.9931973852757363,
    "fuel_trapped": 302.1861142434864,
    "xcg_w": 14.38196742502326,
    "xcg_h": 28.507102762757004,
    "xcg_v": 29.213336144502776,
    "xcg_f": 13.8825,
    "xcg_nlg": 3.544807253039804,
    "xcg_mlg": 14.999944983633963,
    "xcg_eng": 10.815824577411542,
    "xcg_allelse": 13.8825,
    "W_w": 32842.51745421937,
    "W_h": 4389.529600872782,
    "W_v": 2763.588525651413,
    "W_f": 74446.83271683208,
    "W_nlg": 2810.720527523042,
    "W_mlg": 15927.416322630574,
    "W_eng": 27368.053708196276,
    "W_allelse": 74081.00615177013,
    "xcg_empty": 14.000898182083269,
    "W0": 435780.3434251464,
    "W_empty": 234629.66500769567,
    "W_fuel": 99479.83841745074,
    "T0": 164826.30451035275,
    "T0vec": [
        156977.43286700262,
        105333.88903484649,
        79209.21993240863,
        82995.57336796507,
        95617.92635003522,
        70078.59591356391,
        60525.04699826407,
        89242.94573074479
    ],
    "deltaS_wlan": 12.004782261933542,
    "CLmaxTO": 2.1885436478321916,
    "xcg_fwd": 13.63581213420422,
    "xcg_aft": 14.06169940908601,
    "xnp": 14.427243194548431,
    "SM_fwd": 0.2603339107970739,
    "SM_aft": 0.12024223966596657,
    "tank_excess": -0.0004301771876431548,
    "V_maxfuel": 12.60733088638524,
    "CLv": 0.6763741741469246,
    "frac_nlg_fwd": 0.1190848055703811,
    "frac_nlg_aft": 0.08190609284793708,
    "alpha_tipback": 0.26191225254171036,
    "alpha_tailstrike": 0.28797554394991287,
    "phi_overturn": 0.9864221546054138,
    "DOC": 42.28130830874555,
    "DOC_breakdown": {
        "flight": 18.30256015462909,
        "maintenance": 9.59294943409957,
        "depreciation": 9.60492046186838,
        "land. and nav. fees": 1.821186676536327,
        "leasing": 2.959691581612189
    }
}