{
    "type": "transport",
    "name": "my_airplane_1",
    "S_w": 76.2645245094986,
    "AR_w": 11.0,
    "taper_w": 0.202895361725558,
    "sweep_w": 0.47159192798067484,
    "dihedral_w": 0.0715584993317675,
    "xr_w": 9.779179945537152,
    "zr_w": -1.4,
    "tcr_w": 0.1575664031025036,
    "tct_w": 0.08,
    "Cht": 0.9,
    "Lc_h": 4.3,
    "AR_h": 4.87,
    "taper_h": 0.41,
    "sweep_h": 0.49375364538919586,
    "dihedral_h": 0.08307767239493008,
    "zr_h": 0.75,
    "tcr_h": 0.1,
    "tct_h": 0.1,
    "eta_h": 1.0,
    "Cvt": 0.062241068104926855,
    "Lb_v": 0.45,
    "AR_v": 1.38,
    "taper_v": 0.44,
    "sweep_v": 0.7424630637983878,
    "zr_v": 1.6,
    "tcr_v": 0.1,
    "tct_v": 0.1,
    "L_f": 30.85,
    "D_f": 3.7,
    "x_n": 8.210691705364551,
    "y_n": 3.9600000000000004,
    "z_n": -2.35,
    "L_n": 4.0,
    "D_n": 1.5,
    "n_engines": 2,
    "n_engines_under_wing": 2,
    "engine": {
        "model": "Howe turbofan",
        "BPR": 12.5,
        "Cbase": 0.00019444444444444443,
        "kT": 0.25
    },
    "x_nlg": 2.500037392105008,
    "x_mlg": 14.605424481051678,
    "y_mlg": 2.47,
    "z_lg": -2.615684874266799,
    "x_tailstrike": 22.84624643454071,
    "z_tailstrike": -0.92,
    "c_tank_c_w": 0.45,
    "x_tank_c_w": 0.1,
    "b_tank_b_w_start": 0.0,
    "b_tank_b_w_end": 0.95,
    "clmax_w": 1.8,
    "k_korn": 0.91,
    "flap_type": "single slotted",
    "c_flap_c_wing": 0.3,
    "b_flap_b_wing": 0.7,
    "slat_type": null,
    "c_slat_c_wing": 0.0,
    "b_slat_b_wing": 0.0,
    "c_ail_c_wing": 0.25,
    "b_ail_b_wing": 0.34,
    "h_ground": 10.668000000000001,
    "k_exc_drag": 0.03,
    "winglet": false,
    "altitude_takeoff": 0.0,
    "distance_takeoff": 1800.0,
    "altitude_landing": 0.0,
    "distance_landing": 1800.0,
    "altitude_cruise": 10668.0,
    "Mach_cruise": 0.8,
    "range_cruise": 4074400.0,
    "loiter_time": 2700,
    "altitude_altcruise": 4572,
    "Mach_altcruise": 0.5,
    "range_altcruise": 370400.0,
    "W_payload": 98100.0,
    "xcg_payload": 13.34,
    "W_crew": 3570.84,
    "xcg_crew": 3.5,
    "block_range": 740800.0,
    "block_time": 8399.999999999998,
    "n_captains": 1,
    "n_copilots": 1,
    "rho_fuel": 804,
    "MLW_frac": 0.85,
    "deltaISA_takeoff": 15.0,
    "deltaISA_landing": 0.0,
    "b_w": 28.963939124443772,
    "cr_w": 4.377912591120581,
    "xt_w": 18.036966637742964,
    "yt_w": 14.481969562221886,
    "zt_w": -0.36191951409881673,
    "ct_w": 0.8882581587782852,
    "xm_w": 12.996062670755594,
    "ym_w": 5.641559832954057,
    "zm_w": -0.995607962889888,
    "cm_w": 3.0184915405648094,
    "S_h": 15.96234233919738,
    "b_h": 8.816836575092637,
    "xr_h": 25.067323214475092,
    "cr_h": 2.5679981869289863,
    "xt_h": 27.818799239832682,
    "yt_h": 4.4084182875463185,
    "zt_h": 1.11708604947799,
    "ct_h": 1.0528792566408842,
    "xm_h": 26.251173419238878,
    "ym_h": 1.896766260835532,
    "zm_h": 0.9079424610047143,
    "cm_h": 1.9161030443463989,
    "S_v": 10.548412142190145,
    "b_v": 3.8153386161941643,
    "xr_v": 24.300888916854912,
    "cr_v": 3.8399140662179594,
    "xt_v": 28.339493879244696,
    "zt_v": 5.415338616194164,
    "ct_v": 1.689562189135902,
    "xm_v": 26.05842996530232,
    "zm_v": 3.2603788422326456,
    "cm_v": 2.9041127863766936,
    "Swet_f": 302.9710498773768,
    "AR_eff": 11.0,
    "Mf_engine_start": 0.99,
    "Mf_taxi": 0.99,
    "Mf_takeoff": 0.995,
    "Mf_climb": 0.98,
    "Mf_cruise": 0.9754758150763452,
    "Mf_loiter": 0.9843278001419955,
    "Mf_descent": 0.99,
    "Mf_altcruise": 0.9871665529966785,
    "Mf_landing": 0.992,
    "Mf_total": 0.889637543036643,
    "Mf_trapped": 0.9933782525821986,
    "fuel_trapped": 285.65397977663775,
    "xcg_w": 14.203459286981516,
    "xcg_h": 27.017614636977438,
    "xcg_v": 27.220075079852997,
    "xcg_f": 13.8825,
    "xcg_nlg": 2.500037392105008,
    "xcg_mlg": 14.605424481051678,
    "xcg_eng": 10.210691705364551,
    "xcg_allelse": 13.8825,
    "W_w": 34207.718342848195,
    "W_h": 4227.945615383211,
    "W_v": 2793.9579241019037,
    "W_f": 71331.50398312959,
    "W_nlg": 2729.5239570512135,
    "W_mlg": 15467.302423290212,
    "W_eng": 26926.961440504336,
    "W_allelse": 71940.9415036754,
    "xcg_empty": 13.817266952324106,
    "W0": 423191.24617701524,
    "W_empty": 229625.85518998408,
    "W_fuel": 91894.55098703112,
    "T0": 162409.35821117426,
    "T0vec": [
        154675.57924873737,
        94005.38220768124,
        72377.45916664842,
        76599.26700177057,
        88069.81929680299,
        63957.56047235157,
        55913.345076378544,
        82462.14291158506
    ],
    "deltaS_wlan": 11.08011503902182,
    "CLmaxTO": 2.1181069702549205,
    "xcg_fwd": 13.431609109868225,
    "xcg_aft": 13.877636783135403,
    "xnp": 14.317794184291335,
    "SM_fwd": 0.2935854093058981,
    "SM_aft": 0.14582031960029013,
    "tank_excess": 1.5352867476225995e-05,
    "V_maxfuel": 11.651219163090536,
    "CLv": 0.7501975984176218,
    "frac_nlg_fwd": 0.09696636402938773,
    "frac_nlg_aft": 0.06012097693107329,
    "alpha_tipback": 0.2713757471590944,
    "alpha_tailstrike": 0.20293404762940914,
    "phi_overturn": 0.8747675100443848,
    "DOC": 40.90545131134801,
    "DOC_breakdown": {
        "flight": 17.440559742493036,
        "maintenance": 9.451642636159574,
        "depreciation": 9.392115239913581,
        "land. and nav. fees": 1.757752100987454,
        "leasing": 2.863381591794361
    }
}