{
    "type": "transport",
    "name": "my_airplane_1",
    "S_w": 85.38106106377757,
    "AR_w": 9.936082950703133,
    "taper_w": 0.20000001243846963,
    "sweep_w": 0.4823339515270889,
    "dihedral_w": 0.0715584993317675,
    "xr_w": 9.928114177953038,
    "zr_w": -1.3452291770476665,
    "tcr_w": 0.15999999710287158,
    "tct_w": 0.08000000429734207,
    "Cht": 0.9000000239666835,
    "Lc_h": 4.2999998643598065,
    "AR_h": 3.5000000125946626,
    "taper_h": 0.30000000023873136,
    "sweep_h": 0.6108652369190322,
    "dihedral_h": 0.07810437342772944,
    "zr_h": 0.6973681235505865,
    "tcr_h": 0.1,
    "tct_h": 0.1,
    "eta_h": 1.0,
    "Cvt": 0.06000000872978887,
    "Lb_v": 0.44999999534410917,
    "AR_v": 1.0000000050189068,
    "taper_v": 0.30000000009289096,
    "sweep_v": 0.8726646223326473,
    "zr_v": 1.6,
    "tcr_v": 0.1,
    "tct_v": 0.1,
    "L_f": 30.85,
    "D_f": 3.7,
    "x_n": 8.210000234618743,
    "y_n": 4.1351200835472675,
    "z_n": -2.35,
    "L_n": 4.000000006270193,
    "D_n": 1.5000000657429495,
    "n_engines": 2,
    "n_engines_under_wing": 2,
    "engine": {
        "model": "Howe turbofan",
        "BPR": 12.5,
        "Cbase": 0.00019444444444444443,
        "kT": 0.25
    },
    "x_nlg": 4.169969970804168,
    "x_mlg": 14.60979254937984,
    "y_mlg": 2.47,
    "z_lg": -3.294297773818653,
    "x_tailstrike": 23.47436620825342,
    "z_tailstrike": -0.9189204306576213,
    "c_tank_c_w": 0.4700712540995172,
    "x_tank_c_w": 0.1,
    "b_tank_b_w_start": 0.0,
    "b_tank_b_w_end": 0.8403635190561227,
    "clmax_w": 1.8,
    "k_korn": 0.91,
    "flap_type": "single slotted",
    "c_flap_c_wing": 0.2999999910790513,
    "b_flap_b_wing": 0.5500119345908784,
    "slat_type": null,
    "c_slat_c_wing": 0.0,
    "b_slat_b_wing": 0.0,
    "c_ail_c_wing": 0.20000000206439453,
    "b_ail_b_wing": 0.300000000841044,
    "h_ground": 10.668000000000001,
    "k_exc_drag": 0.03,
    "winglet": false,
    "altitude_takeoff": 0.0,
    "distance_takeoff": 1800.0,
    "altitude_landing": 0.0,
    "distance_landing": 1800.0,
    "altitude_cruise": 10668.0,
    "Mach_cruise": 0.8,
    "range_cruise": 4074400.0,
    "loiter_time": 2700,
    "altitude_altcruise": 4572,
    "Mach_altcruise": 0.5,
    "range_altcruise": 370400.0,
    "W_payload": 98100.0,
    "xcg_payload": 13.34,
    "W_crew": 3570.84,
    "xcg_crew": 3.5,
    "block_range": 740800.0,
    "block_time": 8399.999999999998,
    "n_captains": 1,
    "n_copilots": 1,
    "rho_fuel": 804,
    "MLW_frac": 0.85,
    "deltaISA_takeoff": 15.0,
    "deltaISA_landing": 0.0,
    "b_w": 29.126505199710166,
    "cr_w": 4.885645084739923,
    "xt_w": 18.5302854540632,
    "yt_w": 14.563252599855083,
    "zt_w": -0.3013222505619162,
    "ct_w": 0.9771290777179326,
    "xm_w": 13.273403032319454,
    "ym_w": 5.6634871640974795,
    "zm_w": -0.9392653692975126,
    "cm_w": 3.36566662631101,
    "S_h": 17.870455680849474,
    "b_h": 7.908640534759784,
    "xr_h": 26.58216800161398,
    "cr_h": 3.476325496636659,
    "xt_h": 29.9593698154956,
    "yt_h": 3.954320267379892,
    "zt_h": 1.0068473911972229,
    "ct_h": 1.0428976498209057,
    "xm_h": 27.96768669464751,
    "ym_h": 1.6222852380856403,
    "zm_h": 0.8243339769586508,
    "cm_h": 2.4779961234694596,
    "S_v": 11.384143249308043,
    "b_v": 3.374039612459225,
    "xr_v": 24.274388566782772,
    "cr_v": 5.190830146590992,
    "xt_v": 29.203807642094258,
    "zt_v": 4.974039612459225,
    "ct_v": 1.5572490444594786,
    "xm_v": 26.29671434135985,
    "zm_v": 2.9842213795322694,
    "cm_v": 3.7001302071884132,
    "Swet_f": 302.9710498773768,
    "AR_eff": 9.936082950703133,
    "Mf_engine_start": 0.99,
    "Mf_taxi": 0.99,
    "Mf_takeoff": 0.995,
    "Mf_climb": 0.98,
    "Mf_cruise": 0.9752453607206379,
    "Mf_loiter": 0.9842772674374406,
    "Mf_descent": 0.99,
    "Mf_altcruise": 0.9869036476308402,
    "Mf_landing": 0.992,
    "Mf_total": 0.8891448440469133,
    "Mf_trapped": 0.9933486906428148,
    "fuel_trapped": 287.1884947772019,
    "xcg_w": 14.619669682843858,
    "xcg_h": 28.958885144035296,
    "xcg_v": 27.776766424235213,
    "xcg_f": 13.8825,
    "xcg_nlg": 4.169969970804168,
    "xcg_mlg": 14.60979254937984,
    "xcg_eng": 10.210000237753839,
    "xcg_allelse": 13.8825,
    "W_w": 34352.59781799774,
    "W_h": 4733.347596186601,
    "W_v": 3015.3180224442212,
    "W_f": 71331.50398312959,
    "W_nlg": 2732.0144834494877,
    "W_mlg": 15481.415406213764,
    "W_eng": 25676.79150654959,
    "W_allelse": 72006.58328471519,
    "xcg_empty": 14.008989712495548,
    "W0": 423573.61272346904,
    "W_empty": 229329.57210068614,
    "W_fuel": 92573.20062278288,
    "T0": 155536.98948398634,
    "T0vec": [
        148130.46617522507,
        94986.3716440979,
        74176.49071394543,
        79262.70142071447,
        90101.76876514478,
        65051.26469831008,
        58562.60888092713,
        84977.8523783949
    ],
    "deltaS_wlan": 14.621503161802352,
    "CLmaxTO": 1.9791135542796092,
    "xcg_fwd": 13.594334966270951,
    "xcg_aft": 14.076303045021769,
    "xnp": 14.5931116092184,
    "SM_fwd": 0.2967544780399637,
    "SM_aft": 0.15355310598990835,
    "tank_excess": 0.2662845822393647,
    "V_maxfuel": 14.862488865202721,
    "CLv": 0.722465015126506,
    "frac_nlg_fwd": 0.0972677050271701,
    "frac_nlg_aft": 0.05110139567437518,
    "alpha_tipback": 0.16054949423581089,
    "alpha_tailstrike": 0.2618122274291911,
    "phi_overturn": 0.9883524239311289,
    "DOC": 40.83801912145111,
    "DOC_breakdown": {
        "flight": 17.51710242304411,
        "maintenance": 9.34858644287984,
        "depreciation": 9.358557051905395,
        "land. and nav. fees": 1.7551118651201925,
        "leasing": 2.858661338501578
    }
}