{
    "type": "transport",
    "name": "my_airplane_1",
    "S_w": 75.21649769486993,
    "AR_w": 11,
    "taper_w": 0.20000009388827206,
    "sweep_w": 0.37254749334359566,
    "dihedral_w": 0.0715584993317675,
    "xr_w": 10.6,
    "zr_w": -1.26,
    "tcr_w": 0.15999989616681687,
    "tct_w": 0.08,
    "Cht": 1.01,
    "Lc_h": 4.7,
    "AR_h": 4.87,
    "taper_h": 0.41,
    "sweep_h": 0.49375364538919586,
    "dihedral_h": 0.08307767239493008,
    "zr_h": 0.75,
    "tcr_h": 0.1,
    "tct_h": 0.1,
    "eta_h": 1.0,
    "Cvt": 0.069,
    "Lb_v": 0.51,
    "AR_v": 1.38,
    "taper_v": 0.44,
    "sweep_v": 0.7424630637983878,
    "zr_v": 1.6,
    "tcr_v": 0.1,
    "tct_v": 0.1,
    "L_f": 30.85,
    "D_f": 3.7,
    "x_n": 9.5353074221288,
    "y_n": 4.00878342618579,
    "z_n": -2.35,
    "L_n": 2.8,
    "D_n": 1.85,
    "n_engines": 2,
    "n_engines_under_wing": 2,
    "engine": {
        "model": "Howe turbofan",
        "BPR": 12.5,
        "Cbase": 0.00019444444444444443,
        "kT": 0.25
    },
    "x_nlg": 3.672496260265672,
    "x_mlg": 15.0,
    "y_mlg": 2.7,
    "z_lg": -3.5,
    "x_tailstrike": 23.71,
    "z_tailstrike": -0.92,
    "c_tank_c_w": 0.47701442312577613,
    "x_tank_c_w": 0.15,
    "b_tank_b_w_start": 0.0,
    "b_tank_b_w_end": 0.95,
    "clmax_w": 1.8,
    "k_korn": 0.91,
    "flap_type": "double slotted",
    "c_flap_c_wing": 0.3,
    "b_flap_b_wing": 0.5500005818047655,
    "slat_type": null,
    "c_slat_c_wing": 0.0,
    "b_slat_b_wing": 0.0,
    "c_ail_c_wing": 0.2,
    "b_ail_b_wing": 0.3,
    "h_ground": 10.668000000000001,
    "k_exc_drag": 0.03,
    "winglet": false,
    "altitude_takeoff": 0.0,
    "distance_takeoff": 1800.0,
    "altitude_landing": 0.0,
    "distance_landing": 1800.0,
    "altitude_cruise": 10668.0,
    "Mach_cruise": 0.8,
    "range_cruise": 4074400.0,
    "loiter_time": 2700,
    "altitude_altcruise": 4572,
    "Mach_altcruise": 0.5,
    "range_altcruise": 370400.0,
    "W_payload": 98100.0,
    "xcg_payload": 13.34,
    "W_crew": 3570.84,
    "xcg_crew": 3.5,
    "block_range": 740800.0,
    "block_time": 8399.999999999998,
    "n_captains": 1,
    "n_copilots": 1,
    "rho_fuel": 804,
    "MLW_frac": 0.85,
    "deltaISA_takeoff": 15.0,
    "deltaISA_landing": 0.0,
    "b_w": 28.76423951095473,
    "cr_w": 4.3582177667324675,
    "xt_w": 17.092129819891273,
    "yt_w": 14.382119755477365,
    "zt_w": -0.22907683724171868,
    "ct_w": 0.8716439625320289,
    "xm_w": 13.124717293275959,
    "ym_w": 5.593046884146815,
    "zm_w": -0.8590854142996529,
    "cm_w": 3.002327878212768,
    "S_h": 16.16354524932311,
    "b_h": 8.87223001078103,
    "xr_h": 26.312916993261293,
    "cr_h": 2.584132119003606,
    "xt_h": 29.081679684755958,
    "yt_h": 4.436115005390515,
    "zt_h": 1.1193923366934417,
    "ct_h": 1.0594941687914783,
    "xm_h": 27.504204959814555,
    "ym_h": 1.908683051964713,
    "zm_h": 0.908934764251079,
    "cm_h": 1.9281413224584354,
    "S_v": 10.176349688129463,
    "b_v": 3.7474474738972203,
    "xr_v": 26.105685454994905,
    "cr_v": 3.771585621877235,
    "xt_v": 30.072426414798137,
    "zt_v": 5.347447473897221,
    "ct_v": 1.6594976736259834,
    "xm_v": 27.831952354168532,
    "zm_v": 3.2308336228997163,
    "cm_v": 2.852436236990116,
    "Swet_f": 302.9710498773768,
    "AR_eff": 11,
    "Mf_engine_start": 0.99,
    "Mf_taxi": 0.99,
    "Mf_takeoff": 0.995,
    "Mf_climb": 0.98,
    "Mf_cruise": 0.9734666488215413,
    "Mf_loiter": 0.9833193912909631,
    "Mf_descent": 0.99,
    "Mf_altcruise": 0.9871406897138846,
    "Mf_landing": 0.992,
    "Mf_total": 0.8868724149113162,
    "Mf_trapped": 0.993212344894679,
    "fuel_trapped": 294.9576801395314,
    "xcg_w": 14.325648444561066,
    "xcg_h": 28.27546148879793,
    "xcg_v": 28.97292684896458,
    "xcg_f": 13.8825,
    "xcg_nlg": 3.672496260265672,
    "xcg_mlg": 15.0,
    "xcg_eng": 10.935307422128801,
    "xcg_allelse": 13.8825,
    "W_w": 31866.467023457328,
    "W_h": 4281.238230188213,
    "W_v": 2695.409741894851,
    "W_f": 71331.50398312959,
    "W_nlg": 2749.534736677714,
    "W_mlg": 15580.696841173714,
    "W_eng": 26643.2472446309,
    "W_allelse": 72468.35740080799,
    "xcg_empty": 14.00214004986677,
    "W0": 426293.7343266721,
    "W_empty": 227616.4552019603,
    "W_fuel": 97006.43912471175,
    "T0": 160852.93997449914,
    "T0vec": [
        153193.27616618964,
        102557.57045979112,
        77603.5075216343,
        81302.6482166678,
        93573.01109682505,
        68566.26337469598,
        59057.51199962917,
        87213.33696492075
    ],
    "deltaS_wlan": 11.923329764134145,
    "CLmaxTO": 2.2003103592424065,
    "xcg_fwd": 13.630944528584505,
    "xcg_aft": 14.062186607431025,
    "xnp": 14.422439430061925,
    "SM_fwd": 0.26362706992168417,
    "SM_aft": 0.1199911659366636,
    "tank_excess": -3.474998193031542e-05,
    "V_maxfuel": 12.298734177317417,
    "CLv": 0.7045429715936962,
    "frac_nlg_fwd": 0.12086118026279317,
    "frac_nlg_aft": 0.08279082612697244,
    "alpha_tipback": 0.26179704701810635,
    "alpha_tailstrike": 0.28797726402432017,
    "phi_overturn": 0.9876245794900873,
    "DOC": 41.45844829513747,
    "DOC_breakdown": {
        "flight": 17.908100362145056,
        "maintenance": 9.433678970820775,
        "depreciation": 9.432288266906163,
        "land. and nav. fees": 1.78228931460585,
        "leasing": 2.9020913806596234
    }
}