{
    "type": "transport",
    "name": "my_airplane_1",
    "S_w": 85,
    "AR_w": 11,
    "taper_w": 0.27,
    "sweep_w": 0.4380776422505767,
    "dihedral_w": 0.0715584993317675,
    "xr_w": 10.71,
    "zr_w": -1.4,
    "tcr_w": 0.123,
    "tct_w": 0.096,
    "Cht": 1.01,
    "Lc_h": 4.3,
    "AR_h": 4.87,
    "taper_h": 0.41,
    "sweep_h": 0.49375364538919586,
    "dihedral_h": 0.08307767239493008,
    "zr_h": 0.75,
    "tcr_h": 0.1,
    "tct_h": 0.1,
    "eta_h": 1.0,
    "Cvt": 0.069,
    "Lb_v": 0.45,
    "AR_v": 1.38,
    "taper_v": 0.44,
    "sweep_v": 0.7424630637983878,
    "zr_v": 1.6,
    "tcr_v": 0.1,
    "tct_v": 0.1,
    "L_f": 30.85,
    "D_f": 3.9,
    "x_n": 13,
    "y_n": 4.4,
    "z_n": -2.35,
    "L_n": 2.8,
    "D_n": 1.85,
    "n_engines": 2,
    "n_engines_under_wing": 2,
    "engine": {
        "model": "Howe turbofan",
        "BPR": 12.5,
        "Cbase": 0.00019444444444444443,
        "kT": 0.25
    },
    "x_nlg": 4.11,
    "x_mlg": 15.85,
    "y_mlg": 2.7,
    "z_lg": -3.5,
    "x_tailstrike": 23.71,
    "z_tailstrike": -0.92,
    "c_tank_c_w": 0.525,
    "x_tank_c_w": 0.15,
    "b_tank_b_w_start": 0.0,
    "b_tank_b_w_end": 0.95,
    "clmax_w": 1.8,
    "k_korn": 0.91,
    "flap_type": "double slotted",
    "c_flap_c_wing": 0.2,
    "b_flap_b_wing": 0.6,
    "slat_type": null,
    "c_slat_c_wing": 0.0,
    "b_slat_b_wing": 0.0,
    "c_ail_c_wing": 0.25,
    "b_ail_b_wing": 0.34,
    "h_ground": 10.668000000000001,
    "k_exc_drag": 0.03,
    "winglet": false,
    "altitude_takeoff": 0.0,
    "distance_takeoff": 1800.0,
    "altitude_landing": 0.0,
    "distance_landing": 1800.0,
    "altitude_cruise": 10668.0,
    "Mach_cruise": 0.8,
    "range_cruise": 4074400.0,
    "loiter_time": 2700,
    "altitude_altcruise": 4572,
    "Mach_altcruise": 0.5,
    "range_altcruise": 370400.0,
    "W_payload": 98100.0,
    "xcg_payload": 13.34,
    "W_crew": 3570.84,
    "xcg_crew": 3.5,
    "block_range": 740800.0,
    "block_time": 8399.999999999998,
    "n_captains": 1,
    "n_copilots": 1,
    "rho_fuel": 804,
    "MLW_frac": 0.85,
    "deltaISA_takeoff": 15.0,
    "deltaISA_landing": 0.0,
    "b_w": 28.521044861645585,
    "cr_w": 4.693315703049323,
    "xt_w": 18.246646954867675,
    "yt_w": 14.260522430822792,
    "zt_w": -0.37779304185182805,
    "ct_w": 1.2671952398233173,
    "xm_w": 13.756308742912395,
    "ym_w": 5.764095680700027,
    "zm_w": -0.9868244841080878,
    "cm_w": 3.3084796103018035,
    "S_h": 19.965116279069765,
    "b_h": 9.860533265451203,
    "xr_h": 26.95017137104565,
    "cr_h": 2.871986038548707,
    "xt_h": 30.027354513327595,
    "yt_h": 4.930266632725601,
    "zt_h": 1.1605400130003831,
    "ct_h": 1.17751427580497,
    "xm_h": 28.27416033533717,
    "ym_h": 2.1212967545060506,
    "zm_h": 0.9266389654044203,
    "cm_h": 2.1429225377937184,
    "S_v": 13.033333333333333,
    "b_v": 4.240990450354728,
    "xr_v": 24.657254363479414,
    "cr_v": 4.268307619117078,
    "xt_v": 29.146419494341455,
    "zt_v": 5.840990450354727,
    "ct_v": 1.8780553524115142,
    "xm_v": 26.610872522280484,
    "zm_v": 3.4456162145062237,
    "cm_v": 3.228105243791508,
    "Swet_f": 316.2029931907581,
    "AR_eff": 9.57,
    "Mf_engine_start": 0.99,
    "Mf_taxi": 0.99,
    "Mf_takeoff": 0.995,
    "Mf_climb": 0.98,
    "Mf_cruise": 0.9736925154318926,
    "Mf_loiter": 0.9829974430591109,
    "Mf_descent": 0.99,
    "Mf_altcruise": 0.9865887597376631,
    "Mf_landing": 0.992,
    "Mf_total": 0.8862919310808431,
    "Mf_trapped": 0.9931775158648506,
    "fuel_trapped": 317.60444794513757,
    "xcg_w": 15.079700587033116,
    "xcg_h": 29.13132935045466,
    "xcg_v": 27.90211461979709,
    "xcg_f": 13.8825,
    "xcg_nlg": 4.11,
    "xcg_mlg": 15.85,
    "xcg_eng": 14.4,
    "xcg_allelse": 13.8825,
    "W_w": 37440.14485949106,
    "W_h": 5288.160348837208,
    "W_v": 3452.139,
    "W_f": 74446.83271683208,
    "W_nlg": 2945.5381993578153,
    "W_mlg": 16691.383129694288,
    "W_eng": 33351.5136185695,
    "W_allelse": 77634.34013811297,
    "xcg_empty": 14.659310621632088,
    "W0": 456681.11095923645,
    "W_empty": 251250.05201089493,
    "W_fuel": 103760.21894834153,
    "T0": 197282.46289398777,
    "T0vec": [
        187888.05989903596,
        108920.60576296234,
        83592.71615696994,
        88973.36882912612,
        100370.21175724387,
        76325.08732884834,
        65607.43082734676,
        97721.53309021302
    ],
    "deltaS_wlan": 0.050566592799313526,
    "CLmaxTO": 1.821909692131375,
    "xcg_fwd": 14.113508090277096,
    "xcg_aft": 14.725480213838123,
    "xnp": 15.25601307655548,
    "SM_fwd": 0.3453262890667062,
    "SM_aft": 0.16035548808141525,
    "tank_excess": 0.017472312980435056,
    "V_maxfuel": 13.38530968611649,
    "CLv": 0.7393214641736374,
    "frac_nlg_fwd": 0.14791242842614177,
    "frac_nlg_aft": 0.09578533101889919,
    "alpha_tipback": 0.31087391968182604,
    "alpha_tailstrike": 0.31716343060724483,
    "phi_overturn": 1.001056480385777,
    "DOC": 44.615847430115885,
    "DOC_breakdown": {
        "flight": 19.146264476009165,
        "maintenance": 10.299910622035299,
        "depreciation": 10.117081174809194,
        "land. and nav. fees": 1.9294818371541171,
        "leasing": 3.1231093201081124
    }
}