{
    "type": "transport",
    "name": "my_airplane_1",
    "S_w": 77.30410051139545,
    "AR_w": 11,
    "taper_w": 0.2,
    "sweep_w": 0.362246851830716,
    "dihedral_w": 0.0715584993317675,
    "xr_w": 10.600000086913118,
    "zr_w": -1.2600000002253235,
    "tcr_w": 0.16,
    "tct_w": 0.08,
    "Cht": 1.01,
    "Lc_h": 4.7,
    "AR_h": 4.87,
    "taper_h": 0.41,
    "sweep_h": 0.49375364538919586,
    "dihedral_h": 0.08307767239493008,
    "zr_h": 0.75,
    "tcr_h": 0.1,
    "tct_h": 0.1,
    "eta_h": 1.0,
    "Cvt": 0.069,
    "Lb_v": 0.5099999224681067,
    "AR_v": 1.38,
    "taper_v": 0.44,
    "sweep_v": 0.7424630637983878,
    "zr_v": 1.6,
    "tcr_v": 0.1,
    "tct_v": 0.1,
    "L_f": 30.85,
    "D_f": 3.7,
    "x_n": 9.540218064804998,
    "y_n": 3.9643070392488253,
    "z_n": -2.35,
    "L_n": 2.8,
    "D_n": 1.85,
    "n_engines": 2,
    "n_engines_under_wing": 2,
    "engine": {
        "model": "Howe turbofan",
        "BPR": 12.5,
        "Cbase": 0.00019444444444444443,
        "kT": 0.25
    },
    "x_nlg": 3.803240205459491,
    "x_mlg": 14.999999973883657,
    "y_mlg": 2.7,
    "z_lg": -3.5,
    "x_tailstrike": 23.71,
    "z_tailstrike": -0.92,
    "c_tank_c_w": 0.4626946760692799,
    "x_tank_c_w": 0.1,
    "b_tank_b_w_start": 0.0,
    "b_tank_b_w_end": 0.95,
    "clmax_w": 1.8,
    "k_korn": 0.91,
    "flap_type": "single slotted",
    "c_flap_c_wing": 0.29999997213307905,
    "b_flap_b_wing": 0.5500050324904621,
    "slat_type": null,
    "c_slat_c_wing": 0.0,
    "b_slat_b_wing": 0.0,
    "c_ail_c_wing": 0.20000000679505944,
    "b_ail_b_wing": 0.3000000269166152,
    "h_ground": 10.668000000000001,
    "k_exc_drag": 0.03,
    "winglet": false,
    "altitude_takeoff": 0.0,
    "distance_takeoff": 1800.0,
    "altitude_landing": 0.0,
    "distance_landing": 1800.0,
    "altitude_cruise": 10668.0,
    "Mach_cruise": 0.8,
    "range_cruise": 4074400.0,
    "loiter_time": 2700,
    "altitude_altcruise": 4572,
    "Mach_altcruise": 0.5,
    "range_altcruise": 370400.0,
    "W_payload": 98100.0,
    "xcg_payload": 13.34,
    "W_crew": 3570.84,
    "xcg_crew": 3.5,
    "block_range": 740800.0,
    "block_time": 8399.999999999998,
    "n_captains": 1,
    "n_copilots": 1,
    "rho_fuel": 804,
    "MLW_frac": 0.85,
    "deltaISA_takeoff": 15.0,
    "deltaISA_landing": 0.0,
    "b_w": 29.160677386256822,
    "cr_w": 4.418284452463155,
    "xt_w": 17.00917100874537,
    "yt_w": 14.580338693128411,
    "zt_w": -0.21486832734502226,
    "ct_w": 0.883656890492631,
    "xm_w": 13.092455445403436,
    "ym_w": 5.670131713994382,
    "zm_w": -0.8535599052163174,
    "cm_w": 3.043707067252396,
    "S_h": 16.612157769470087,
    "b_h": 8.994509899784386,
    "xr_h": 26.462419858538773,
    "cr_h": 2.6197474477651235,
    "xt_h": 29.269342515924905,
    "yt_h": 4.497254949892193,
    "zt_h": 1.124483419079119,
    "ct_h": 1.0740964535837005,
    "xm_h": 27.67012653382075,
    "ym_h": 1.934989127376783,
    "zm_h": 0.9111252535990536,
    "cm_h": 1.9547155779281993,
    "S_v": 10.458791659169028,
    "b_v": 3.79909627275399,
    "xr_v": 26.252329018499346,
    "cr_v": 3.823567102208122,
    "xt_v": 30.273741166458475,
    "zt_v": 5.39909627275399,
    "ct_v": 1.6823695249715738,
    "xm_v": 28.002388008814894,
    "zm_v": 3.253310414994792,
    "cm_v": 2.8917496380403644,
    "Swet_f": 302.9710498773768,
    "AR_eff": 11,
    "Mf_engine_start": 0.99,
    "Mf_taxi": 0.99,
    "Mf_takeoff": 0.995,
    "Mf_climb": 0.98,
    "Mf_cruise": 0.9733763320438765,
    "Mf_loiter": 0.9833765545653812,
    "Mf_descent": 0.99,
    "Mf_altcruise": 0.9871878806119372,
    "Mf_landing": 0.992,
    "Mf_total": 0.8868840799984157,
    "Mf_trapped": 0.9932130447999049,
    "fuel_trapped": 297.4844099835108,
    "xcg_w": 14.309938272304395,
    "xcg_h": 28.45201276499203,
    "xcg_v": 29.15908786403104,
    "xcg_f": 13.8825,
    "xcg_nlg": 3.803240205459491,
    "xcg_mlg": 14.999999973883657,
    "xcg_eng": 10.940218064804998,
    "xcg_allelse": 13.8825,
    "W_w": 32219.34619416333,
    "W_h": 4400.062228399542,
    "W_v": 2770.2201467641007,
    "W_f": 71331.50398312959,
    "W_nlg": 2773.4025193682382,
    "W_mlg": 15715.947609753352,
    "W_eng": 28011.879687240544,
    "W_allelse": 73097.43074303884,
    "xcg_empty": 14.001412641164862,
    "W0": 429989.8814563213,
    "W_empty": 230319.7931118575,
    "W_fuel": 97999.24834446379,
    "T0": 168343.9632267391,
    "T0vec": [
        160327.58402546583,
        103804.59491442674,
        75196.75239855194,
        79114.00351518394,
        91086.05213506082,
        68631.77891447749,
        56937.586380488036,
        86353.1823174377
    ],
    "deltaS_wlan": 8.941472548584983,
    "CLmaxTO": 2.081251425968722,
    "xcg_fwd": 13.599583678920146,
    "xcg_aft": 14.06228678250991,
    "xnp": 14.427717444869687,
    "SM_fwd": 0.27208063971054586,
    "SM_aft": 0.12006104867695361,
    "tank_excess": 0.0003688203973855053,
    "V_maxfuel": 12.429619545770343,
    "CLv": 0.6744928140491339,
    "frac_nlg_fwd": 0.12507335371370626,
    "frac_nlg_aft": 0.08374862109823773,
    "alpha_tipback": 0.26177033565403035,
    "alpha_tailstrike": 0.2879772632077938,
    "phi_overturn": 0.9901195886035155,
    "DOC": 41.901689872867344,
    "DOC_breakdown": {
        "flight": 18.0476847610216,
        "maintenance": 9.584594926218374,
        "depreciation": 9.533737883078155,
        "land. and nav. fees": 1.8025540114485048,
        "leasing": 2.9331182911007145
    }
}